taskname,type,start,end,duration,size,policy,acclname
Internal-H2D(task0)-to-0,MemFlushOut,0.0188401,0.0209444,0.00210428,0,roundrobin,Tesla V100-DGXS-32GB 0
Internal-H2D(task0)-to-0,MemFlushOut,0.0210443,0.0226977,0.00165343,0,roundrobin,Tesla V100-DGXS-32GB 0
Internal-H2D(task0)-to-0,MemFlushOut,0.0227184,0.0305772,0.00785875,0,roundrobin,Tesla V100-DGXS-32GB 0
task0,Kernel,0.0305991,0.302327,0.271728,1048576,roundrobin,Tesla V100-DGXS-32GB 0
Internal-H2D(task4)-to-0,MemFlushOut,0.302521,0.303798,0.00127649,0,roundrobin,Tesla V100-DGXS-32GB 0
Internal-H2D(task4)-to-0,MemFlushOut,0.303817,0.305679,0.00186276,0,roundrobin,Tesla V100-DGXS-32GB 0
Internal-H2D(task3)-to-3,MemFlushOut,0.303203,0.305844,0.00264072,0,roundrobin,Tesla V100-DGXS-32GB 3
Internal-H2D(task1)-to-1,MemFlushOut,0.303504,0.306038,0.00253367,0,roundrobin,Tesla V100-DGXS-32GB 1
Internal-H2D(task2)-to-2,MemFlushOut,0.30386,0.306238,0.00237775,0,roundrobin,Tesla V100-DGXS-32GB 2
Internal-H2D(task4)-to-0,MemFlushOut,0.305698,0.306915,0.00121713,0,roundrobin,Tesla V100-DGXS-32GB 0
Internal-H2D(task3)-to-3,MemFlushOut,0.305881,0.307936,0.00205445,0,roundrobin,Tesla V100-DGXS-32GB 3
Internal-H2D(task1)-to-1,MemFlushOut,0.306074,0.308163,0.00208855,0,roundrobin,Tesla V100-DGXS-32GB 1
Internal-H2D(task2)-to-2,MemFlushOut,0.306276,0.308466,0.00219035,0,roundrobin,Tesla V100-DGXS-32GB 2
Internal-H2D(task3)-to-3,MemFlushOut,0.307965,0.309913,0.00194836,0,roundrobin,Tesla V100-DGXS-32GB 3
Internal-H2D(task1)-to-1,MemFlushOut,0.308192,0.310042,0.00184989,0,roundrobin,Tesla V100-DGXS-32GB 1
Internal-H2D(task2)-to-2,MemFlushOut,0.308495,0.310427,0.00193214,0,roundrobin,Tesla V100-DGXS-32GB 2
task1,Kernel,0.31007,0.564886,0.254816,1048576,roundrobin,Tesla V100-DGXS-32GB 1
task2,Kernel,0.310455,0.564996,0.25454,1048576,roundrobin,Tesla V100-DGXS-32GB 2
Internal-D2D(task6)-from-0-to-2,MemFlushOut,0.565301,0.565398,9.70364e-05,0,roundrobin,Tesla V100-DGXS-32GB 2
Internal-D2D(task6)-from-0-to-2,MemFlushOut,0.56563,0.565692,6.24657e-05,0,roundrobin,Tesla V100-DGXS-32GB 2
Internal-D2D(task6)-from-0-to-2,MemFlushOut,0.565913,0.565974,6.03199e-05,0,roundrobin,Tesla V100-DGXS-32GB 2
Internal-H2D(task5)-to-1,MemFlushOut,0.564905,0.566238,0.00133348,0,roundrobin,Tesla V100-DGXS-32GB 1
task3,Kernel,0.309941,0.566753,0.256812,1048576,roundrobin,Tesla V100-DGXS-32GB 3
Internal-H2D(task5)-to-1,MemFlushOut,0.566254,0.567319,0.00106502,0,roundrobin,Tesla V100-DGXS-32GB 1
Internal-H2D(task5)-to-1,MemFlushOut,0.567334,0.56834,0.00100613,0,roundrobin,Tesla V100-DGXS-32GB 1
task4,Kernel,0.306931,0.568727,0.261796,1048576,roundrobin,Tesla V100-DGXS-32GB 0
Internal-D2D(task7)-from-1-to-0,MemFlushOut,0.568984,0.569063,7.93934e-05,0,roundrobin,Tesla V100-DGXS-32GB 0
Internal-D2D(task7)-from-1-to-0,MemFlushOut,0.569293,0.569354,6.05583e-05,0,roundrobin,Tesla V100-DGXS-32GB 0
Internal-D2D(task7)-from-1-to-0,MemFlushOut,0.569563,0.569622,5.96046e-05,0,roundrobin,Tesla V100-DGXS-32GB 0
task6,Kernel,0.565988,0.830641,0.264653,1048576,roundrobin,Tesla V100-DGXS-32GB 2
task5,Kernel,0.568354,0.832126,0.263772,1048576,roundrobin,Tesla V100-DGXS-32GB 1
Internal-D2D(task8)-from-2-to-1,MemFlushOut,0.832386,0.83246,7.36713e-05,0,roundrobin,Tesla V100-DGXS-32GB 1
Internal-D2D(task8)-from-2-to-1,MemFlushOut,0.832672,0.832733,6.05583e-05,0,roundrobin,Tesla V100-DGXS-32GB 1
Internal-D2D(task8)-from-2-to-1,MemFlushOut,0.8357,0.835766,6.60419e-05,0,roundrobin,Tesla V100-DGXS-32GB 1
task16,Kernel,0.566769,0.836365,0.269596,1048576,roundrobin,Tesla V100-DGXS-32GB 3
task9,Kernel,0.830677,1.09523,0.264551,1048576,roundrobin,Tesla V100-DGXS-32GB 2
task11,Kernel,0.836377,1.09731,0.26093,1048576,roundrobin,Tesla V100-DGXS-32GB 3
task7,Kernel,0.569636,1.09857,0.528933,1048576,roundrobin,Tesla V100-DGXS-32GB 0
Internal-D2D(task19)-from-1-to-3,MemFlushOut,1.10264,1.10271,7.10487e-05,0,roundrobin,Tesla V100-DGXS-32GB 3
Internal-D2D(task12)-from-0-to-2,MemFlushOut,1.1025,1.10281,0.000315666,0,roundrobin,Tesla V100-DGXS-32GB 2
Internal-D2D(task13)-from-1-to-0,MemFlushOut,1.10273,1.10289,0.000157833,0,roundrobin,Tesla V100-DGXS-32GB 0
Internal-D2D(task19)-from-1-to-3,MemFlushOut,1.10313,1.10319,5.96046e-05,0,roundrobin,Tesla V100-DGXS-32GB 3
Internal-D2D(task12)-from-0-to-2,MemFlushOut,1.10326,1.10349,0.000228882,0,roundrobin,Tesla V100-DGXS-32GB 2
Internal-D2D(task13)-from-1-to-0,MemFlushOut,1.1034,1.10355,0.000149727,0,roundrobin,Tesla V100-DGXS-32GB 0
Internal-D2D(task19)-from-1-to-3,MemFlushOut,1.10348,1.10361,0.000130892,0,roundrobin,Tesla V100-DGXS-32GB 3
Internal-D2D(task12)-from-0-to-2,MemFlushOut,1.10388,1.10404,0.000167131,0,roundrobin,Tesla V100-DGXS-32GB 2
Internal-D2D(task13)-from-1-to-0,MemFlushOut,1.10396,1.10411,0.000149488,0,roundrobin,Tesla V100-DGXS-32GB 0
task8,Kernel,0.835781,1.30647,0.470688,1048576,roundrobin,Tesla V100-DGXS-32GB 1
task19,Kernel,1.10363,1.56277,0.459146,1048576,roundrobin,Tesla V100-DGXS-32GB 3
task12,Kernel,1.10406,1.56458,0.460516,1048576,roundrobin,Tesla V100-DGXS-32GB 2
task13,Kernel,1.10412,1.57644,0.472312,1048576,roundrobin,Tesla V100-DGXS-32GB 0
Internal-D2D(task20)-from-3-to-0,MemFlushOut,1.57668,1.57674,6.69956e-05,0,roundrobin,Tesla V100-DGXS-32GB 0
Internal-D2D(task20)-from-3-to-0,MemFlushOut,1.57696,1.57702,6.00815e-05,0,roundrobin,Tesla V100-DGXS-32GB 0
Internal-D2D(task20)-from-3-to-0,MemFlushOut,1.57725,1.57731,6.19888e-05,0,roundrobin,Tesla V100-DGXS-32GB 0
task10,Kernel,1.30649,1.57806,0.271577,1048576,roundrobin,Tesla V100-DGXS-32GB 1
Internal-D2D(task14)-from-0-to-1,MemFlushOut,1.57808,1.57814,6.48499e-05,0,roundrobin,Tesla V100-DGXS-32GB 1
task15,Kernel,1.5646,1.8249,0.260298,1048576,roundrobin,Tesla V100-DGXS-32GB 3
Internal-D2D(task23)-from-2-to-3,MemFlushOut,1.82515,1.82521,6.67572e-05,0,roundrobin,Tesla V100-DGXS-32GB 3
Internal-D2D(task23)-from-0-to-3,MemFlushOut,1.82542,1.82549,7.62939e-05,0,roundrobin,Tesla V100-DGXS-32GB 3
Internal-D2D(task23)-from-0-to-3,MemFlushOut,1.82569,1.82575,6.00815e-05,0,roundrobin,Tesla V100-DGXS-32GB 3
task18,Kernel,1.5646,1.82873,0.264128,1048576,roundrobin,Tesla V100-DGXS-32GB 2
Internal-D2D(task21)-from-0-to-2,MemFlushOut,1.82954,1.82962,8.10623e-05,0,roundrobin,Tesla V100-DGXS-32GB 2
Internal-D2D(task21)-from-0-to-2,MemFlushOut,1.82985,1.82991,6.10352e-05,0,roundrobin,Tesla V100-DGXS-32GB 2
Internal-D2D(task21)-from-0-to-2,MemFlushOut,1.83012,1.83018,6.03199e-05,0,roundrobin,Tesla V100-DGXS-32GB 2
task20,Kernel,1.57732,2.09986,0.522535,1048576,roundrobin,Tesla V100-DGXS-32GB 0
task14,Kernel,1.57815,2.31896,0.740813,1048576,roundrobin,Tesla V100-DGXS-32GB 1
Internal-D2D(task17)-from-2-to-1,MemFlushOut,2.3192,2.31926,6.36578e-05,0,roundrobin,Tesla V100-DGXS-32GB 1
Internal-D2D(task17)-from-0-to-1,MemFlushOut,2.31949,2.31955,6.05583e-05,0,roundrobin,Tesla V100-DGXS-32GB 1
Internal-D2D(task17)-from-0-to-1,MemFlushOut,2.31975,2.31982,6.65188e-05,0,roundrobin,Tesla V100-DGXS-32GB 1
task23,Kernel,1.82577,2.32086,0.495091,1048576,roundrobin,Tesla V100-DGXS-32GB 3
Internal-D2D(task28)-from-1-to-3,MemFlushOut,2.32108,2.32115,6.22272e-05,0,roundrobin,Tesla V100-DGXS-32GB 3
Internal-D2D(task28)-from-0-to-3,MemFlushOut,2.32135,2.32141,6.1512e-05,0,roundrobin,Tesla V100-DGXS-32GB 3
Internal-D2D(task28)-from-0-to-3,MemFlushOut,2.32164,2.3217,6.27041e-05,0,roundrobin,Tesla V100-DGXS-32GB 3
task21,Kernel,1.83019,2.33441,0.504217,1048576,roundrobin,Tesla V100-DGXS-32GB 2
Internal-D2D(task30)-from-3-to-2,MemFlushOut,2.33467,2.33474,7.00951e-05,0,roundrobin,Tesla V100-DGXS-32GB 2
Internal-D2D(task30)-from-1-to-2,MemFlushOut,2.33496,2.33502,6.1512e-05,0,roundrobin,Tesla V100-DGXS-32GB 2
Internal-D2D(task30)-from-1-to-2,MemFlushOut,2.33522,2.33528,6.03199e-05,0,roundrobin,Tesla V100-DGXS-32GB 2
task26,Kernel,2.09988,2.37315,0.273272,1048576,roundrobin,Tesla V100-DGXS-32GB 0
task17,Kernel,2.31983,2.64034,0.320508,1048576,roundrobin,Tesla V100-DGXS-32GB 1
Internal-D2D(task27)-from-0-to-1,MemFlushOut,2.64074,2.64082,8.08239e-05,0,roundrobin,Tesla V100-DGXS-32GB 1
Internal-D2D(task27)-from-0-to-1,MemFlushOut,2.64103,2.64109,6.10352e-05,0,roundrobin,Tesla V100-DGXS-32GB 1
Internal-D2D(task27)-from-0-to-1,MemFlushOut,2.6413,2.64137,6.53267e-05,0,roundrobin,Tesla V100-DGXS-32GB 1
task28,Kernel,2.32172,2.91182,0.5901,1048576,roundrobin,Tesla V100-DGXS-32GB 3
task24,Kernel,2.37316,2.91447,0.541308,1048576,roundrobin,Tesla V100-DGXS-32GB 0
task30,Kernel,2.33529,3.17852,0.843222,1048576,roundrobin,Tesla V100-DGXS-32GB 2
Internal-D2D(task29)-from-0-to-2,MemFlushOut,3.17854,3.17862,8.22544e-05,0,roundrobin,Tesla V100-DGXS-32GB 2
task34,Kernel,2.9145,3.17883,0.26433,1048576,roundrobin,Tesla V100-DGXS-32GB 3
task27,Kernel,2.64139,3.18068,0.539296,1048576,roundrobin,Tesla V100-DGXS-32GB 1
Internal-D2D(task22)-from-3-to-1,MemFlushOut,3.1807,3.18077,6.84261e-05,0,roundrobin,Tesla V100-DGXS-32GB 1
Internal-D2D(task38)-from-1-to-3,MemFlushOut,3.18071,3.18084,0.000133038,0,roundrobin,Tesla V100-DGXS-32GB 3
task32,Kernel,2.91448,3.1823,0.267817,1048576,roundrobin,Tesla V100-DGXS-32GB 0
Internal-D2D(task41)-from-1-to-0,MemFlushOut,3.18231,3.18238,7.41482e-05,0,roundrobin,Tesla V100-DGXS-32GB 0
task29,Kernel,3.17863,3.44445,0.265818,1048576,roundrobin,Tesla V100-DGXS-32GB 2
task38,Kernel,3.18085,3.44956,0.268704,1048576,roundrobin,Tesla V100-DGXS-32GB 3
Internal-D2D(task45)-from-0-to-3,MemFlushOut,3.44985,3.44991,6.58035e-05,0,roundrobin,Tesla V100-DGXS-32GB 3
Internal-D2D(task45)-from-0-to-3,MemFlushOut,3.45018,3.45024,6.05583e-05,0,roundrobin,Tesla V100-DGXS-32GB 3
Internal-D2D(task45)-from-0-to-3,MemFlushOut,3.45046,3.45053,6.81877e-05,0,roundrobin,Tesla V100-DGXS-32GB 3
task22,Kernel,3.18078,3.45719,0.276415,1048576,roundrobin,Tesla V100-DGXS-32GB 1
Internal-D2D(task42)-from-2-to-1,MemFlushOut,3.4572,3.45728,7.36713e-05,0,roundrobin,Tesla V100-DGXS-32GB 1
task41,Kernel,3.18239,3.69683,0.514441,1048576,roundrobin,Tesla V100-DGXS-32GB 0
Internal-D2D(task47)-from-3-to-0,MemFlushOut,3.69685,3.69691,6.65188e-05,0,roundrobin,Tesla V100-DGXS-32GB 0
task36,Kernel,3.44447,3.71342,0.268953,1048576,roundrobin,Tesla V100-DGXS-32GB 2
task45,Kernel,3.45054,3.85348,0.402943,1048576,roundrobin,Tesla V100-DGXS-32GB 3
task42,Kernel,3.45729,3.89346,0.436177,1048576,roundrobin,Tesla V100-DGXS-32GB 1
Internal-D2D(task31)-from-3-to-1,MemFlushOut,3.89348,3.89354,5.93662e-05,0,roundrobin,Tesla V100-DGXS-32GB 1
task46,Kernel,3.71344,3.97825,0.264815,1048576,roundrobin,Tesla V100-DGXS-32GB 2
Internal-D2D(task39)-from-0-to-2,MemFlushOut,3.97827,3.97833,6.48499e-05,0,roundrobin,Tesla V100-DGXS-32GB 2
task47,Kernel,3.69692,4.00932,0.312403,1048576,roundrobin,Tesla V100-DGXS-32GB 0
task43,Kernel,3.8535,4.12048,0.266979,1048576,roundrobin,Tesla V100-DGXS-32GB 3
task39,Kernel,3.97834,4.26219,0.283843,1048576,roundrobin,Tesla V100-DGXS-32GB 2
Internal-D2D(task60)-from-1-to-2,MemFlushOut,4.26222,4.26229,6.86646e-05,0,roundrobin,Tesla V100-DGXS-32GB 2
task25,Kernel,4.00934,4.27981,0.270476,1048576,roundrobin,Tesla V100-DGXS-32GB 0
Internal-D2D(task37)-from-1-to-0,MemFlushOut,4.27982,4.27988,6.03199e-05,0,roundrobin,Tesla V100-DGXS-32GB 0
Internal-D2D(task35)-from-0-to-3,MemFlushOut,4.27985,4.27994,9.56059e-05,0,roundrobin,Tesla V100-DGXS-32GB 3
task31,Kernel,3.89355,4.36281,0.469266,1048576,roundrobin,Tesla V100-DGXS-32GB 1
task35,Kernel,4.27995,4.50686,0.226905,1048576,roundrobin,Tesla V100-DGXS-32GB 3
task60,Kernel,4.2623,4.50865,0.24635,1048576,roundrobin,Tesla V100-DGXS-32GB 2
Internal-D2D(task64)-from-2-to-3,MemFlushOut,4.50868,4.50874,6.46114e-05,0,roundrobin,Tesla V100-DGXS-32GB 3
task37,Kernel,4.27989,4.51098,0.231093,1048576,roundrobin,Tesla V100-DGXS-32GB 0
Internal-D2D(task44)-from-1-to-0,MemFlushOut,4.511,4.51107,7.00951e-05,0,roundrobin,Tesla V100-DGXS-32GB 0
task33,Kernel,4.36282,4.6323,0.269471,1048576,roundrobin,Tesla V100-DGXS-32GB 1
Internal-D2D(task54)-from-0-to-1,MemFlushOut,4.63231,4.63237,6.36578e-05,0,roundrobin,Tesla V100-DGXS-32GB 1
task40,Kernel,4.50866,4.77933,0.270668,1048576,roundrobin,Tesla V100-DGXS-32GB 2
Internal-D2D(task50)-from-3-to-2,MemFlushOut,4.77935,4.77942,7.00951e-05,0,roundrobin,Tesla V100-DGXS-32GB 2
task44,Kernel,4.51108,4.85016,0.339082,1048576,roundrobin,Tesla V100-DGXS-32GB 0
Internal-D2D(task49)-from-2-to-0,MemFlushOut,4.85048,4.85054,6.4373e-05,0,roundrobin,Tesla V100-DGXS-32GB 0
Internal-D2D(task49)-from-1-to-0,MemFlushOut,4.85075,4.85081,6.29425e-05,0,roundrobin,Tesla V100-DGXS-32GB 0
Internal-D2D(task49)-from-1-to-0,MemFlushOut,4.85106,4.85112,6.05583e-05,0,roundrobin,Tesla V100-DGXS-32GB 0
task64,Kernel,4.50875,4.9915,0.482745,1048576,roundrobin,Tesla V100-DGXS-32GB 3
Internal-D2D(task51)-from-0-to-3,MemFlushOut,4.99177,4.99183,6.50883e-05,0,roundrobin,Tesla V100-DGXS-32GB 3
Internal-D2D(task51)-from-0-to-3,MemFlushOut,4.99205,4.99212,6.60419e-05,0,roundrobin,Tesla V100-DGXS-32GB 3
Internal-D2D(task51)-from-0-to-3,MemFlushOut,4.99232,4.99239,6.41346e-05,0,roundrobin,Tesla V100-DGXS-32GB 3
task54,Kernel,4.63238,5.07138,0.438996,1048576,roundrobin,Tesla V100-DGXS-32GB 1
Internal-D2D(task48)-from-2-to-1,MemFlushOut,5.07139,5.07145,6.07967e-05,0,roundrobin,Tesla V100-DGXS-32GB 1
task50,Kernel,4.77943,5.25961,0.480179,1048576,roundrobin,Tesla V100-DGXS-32GB 2
Internal-D2D(task55)-from-3-to-2,MemFlushOut,5.26148,5.26155,7.58171e-05,0,roundrobin,Tesla V100-DGXS-32GB 2
Internal-D2D(task55)-from-0-to-2,MemFlushOut,5.2618,5.26186,6.38962e-05,0,roundrobin,Tesla V100-DGXS-32GB 2
Internal-D2D(task55)-from-0-to-2,MemFlushOut,5.26211,5.26217,6.53267e-05,0,roundrobin,Tesla V100-DGXS-32GB 2
task49,Kernel,4.85114,5.48599,0.634854,1048576,roundrobin,Tesla V100-DGXS-32GB 0
task48,Kernel,5.07146,5.48817,0.416712,1048576,roundrobin,Tesla V100-DGXS-32GB 1
Internal-D2D(task52)-from-0-to-1,MemFlushOut,5.49595,5.49603,7.20024e-05,0,roundrobin,Tesla V100-DGXS-32GB 1
Internal-D2D(task52)-from-0-to-1,MemFlushOut,5.49627,5.49635,7.39098e-05,0,roundrobin,Tesla V100-DGXS-32GB 1
Internal-D2D(task52)-from-0-to-1,MemFlushOut,5.49657,5.49664,6.58035e-05,0,roundrobin,Tesla V100-DGXS-32GB 1
task51,Kernel,4.9924,5.75094,0.758544,1048576,roundrobin,Tesla V100-DGXS-32GB 3
Internal-D2D(task65)-from-1-to-3,MemFlushOut,5.75096,5.75103,6.77109e-05,0,roundrobin,Tesla V100-DGXS-32GB 3
task55,Kernel,5.26219,6.02201,0.759828,1048576,roundrobin,Tesla V100-DGXS-32GB 2
Internal-D2D(task61)-from-3-to-2,MemFlushOut,6.02203,6.0221,6.55651e-05,0,roundrobin,Tesla V100-DGXS-32GB 2
task58,Kernel,5.48601,6.02412,0.538114,1048576,roundrobin,Tesla V100-DGXS-32GB 0
Internal-D2D(task53)-from-2-to-0,MemFlushOut,6.02414,6.0242,6.91414e-05,0,roundrobin,Tesla V100-DGXS-32GB 0
task52,Kernel,5.49665,6.28651,0.78986,1048576,roundrobin,Tesla V100-DGXS-32GB 1
task65,Kernel,5.75104,6.42213,0.671091,1048576,roundrobin,Tesla V100-DGXS-32GB 3
Internal-D2D(task57)-from-0-to-3,MemFlushOut,6.42214,6.4222,6.1512e-05,0,roundrobin,Tesla V100-DGXS-32GB 3
task56,Kernel,6.28653,6.55615,0.26962,1048576,roundrobin,Tesla V100-DGXS-32GB 1
Internal-D2D(task59)-from-2-to-1,MemFlushOut,6.55617,6.55624,7.00951e-05,0,roundrobin,Tesla V100-DGXS-32GB 1
task61,Kernel,6.0221,6.63696,0.61486,1048576,roundrobin,Tesla V100-DGXS-32GB 2
Internal-D2D(task69)-from-1-to-2,MemFlushOut,6.63698,6.63705,6.67572e-05,0,roundrobin,Tesla V100-DGXS-32GB 2
task59,Kernel,6.55625,6.87143,0.315185,1048576,roundrobin,Tesla V100-DGXS-32GB 1
task53,Kernel,6.02421,6.87181,0.847593,1048576,roundrobin,Tesla V100-DGXS-32GB 0
Internal-D2D(task63)-from-1-to-0,MemFlushOut,6.87182,6.8719,7.60555e-05,0,roundrobin,Tesla V100-DGXS-32GB 0
task69,Kernel,6.63705,7.05487,0.41782,1048576,roundrobin,Tesla V100-DGXS-32GB 2
Internal-D2D(task77)-from-1-to-2,MemFlushOut,7.05493,7.05499,6.48499e-05,0,roundrobin,Tesla V100-DGXS-32GB 2
task57,Kernel,6.42221,7.05899,0.636781,1048576,roundrobin,Tesla V100-DGXS-32GB 3
task68,Kernel,6.87145,7.14123,0.269786,1048576,roundrobin,Tesla V100-DGXS-32GB 1
task63,Kernel,6.87191,7.32222,0.450313,1048576,roundrobin,Tesla V100-DGXS-32GB 0
Internal-D2D(task80)-from-1-to-0,MemFlushOut,7.32224,7.3223,6.17504e-05,0,roundrobin,Tesla V100-DGXS-32GB 0
task77,Kernel,7.05501,7.32641,0.271406,1048576,roundrobin,Tesla V100-DGXS-32GB 2
Internal-D2D(task78)-from-1-to-2,MemFlushOut,7.32643,7.32649,5.81741e-05,0,roundrobin,Tesla V100-DGXS-32GB 2
task71,Kernel,7.059,7.32983,0.270825,1048576,roundrobin,Tesla V100-DGXS-32GB 3
Internal-D2D(task88)-from-1-to-3,MemFlushOut,7.32984,7.32991,6.29425e-05,0,roundrobin,Tesla V100-DGXS-32GB 3
task62,Kernel,7.14125,7.40582,0.264565,1048576,roundrobin,Tesla V100-DGXS-32GB 1
Internal-D2D(task72)-from-0-to-1,MemFlushOut,7.40583,7.4059,7.08103e-05,0,roundrobin,Tesla V100-DGXS-32GB 1
task88,Kernel,7.32992,7.65305,0.323128,1048576,roundrobin,Tesla V100-DGXS-32GB 3
task78,Kernel,7.3265,7.65344,0.326944,1048576,roundrobin,Tesla V100-DGXS-32GB 2
Internal-D2D(task73)-from-0-to-2,MemFlushOut,7.65345,7.65352,7.15256e-05,0,roundrobin,Tesla V100-DGXS-32GB 2
task80,Kernel,7.32231,7.66026,0.337953,1048576,roundrobin,Tesla V100-DGXS-32GB 0
task72,Kernel,7.40591,7.91306,0.507149,1048576,roundrobin,Tesla V100-DGXS-32GB 1
Internal-D2D(task75)-from-3-to-1,MemFlushOut,7.91308,7.91316,7.67708e-05,0,roundrobin,Tesla V100-DGXS-32GB 1
task73,Kernel,7.65353,7.91657,0.263035,1048576,roundrobin,Tesla V100-DGXS-32GB 2
task70,Kernel,7.65306,7.91946,0.266394,1048576,roundrobin,Tesla V100-DGXS-32GB 3
Internal-D2D(task76)-from-1-to-3,MemFlushOut,7.91947,7.91954,6.50883e-05,0,roundrobin,Tesla V100-DGXS-32GB 3
task66,Kernel,7.66027,7.93449,0.274216,1048576,roundrobin,Tesla V100-DGXS-32GB 0
task75,Kernel,7.91317,8.17938,0.266208,1048576,roundrobin,Tesla V100-DGXS-32GB 1
task82,Kernel,7.9345,8.1998,0.265299,1048576,roundrobin,Tesla V100-DGXS-32GB 0
Internal-D2D(task67)-from-1-to-0,MemFlushOut,8.19981,8.19987,6.24657e-05,0,roundrobin,Tesla V100-DGXS-32GB 0
task76,Kernel,7.91954,8.39378,0.474235,1048576,roundrobin,Tesla V100-DGXS-32GB 3
Internal-D2D(task86)-from-0-to-2,MemFlushOut,8.39383,8.39391,7.7486e-05,0,roundrobin,Tesla V100-DGXS-32GB 2
task97,Kernel,8.1999,8.43621,0.236315,1048576,roundrobin,Tesla V100-DGXS-32GB 1
task67,Kernel,8.19988,8.46961,0.269728,1048576,roundrobin,Tesla V100-DGXS-32GB 0
Internal-D2D(task74)-from-0-to-1,MemFlushOut,8.46965,8.46976,0.000104666,0,roundrobin,Tesla V100-DGXS-32GB 1
task89,Kernel,8.39384,8.66104,0.267207,1048576,roundrobin,Tesla V100-DGXS-32GB 3
task86,Kernel,8.39392,8.68168,0.287756,1048576,roundrobin,Tesla V100-DGXS-32GB 2
Internal-D2D(task79)-from-3-to-2,MemFlushOut,8.68169,8.68175,5.8651e-05,0,roundrobin,Tesla V100-DGXS-32GB 2
task120,Kernel,8.46962,8.7384,0.268778,1048576,roundrobin,Tesla V100-DGXS-32GB 0
Internal-D2D(task83)-from-1-to-0,MemFlushOut,8.73842,8.73848,6.81877e-05,0,roundrobin,Tesla V100-DGXS-32GB 0
task74,Kernel,8.46978,8.88999,0.420216,1048576,roundrobin,Tesla V100-DGXS-32GB 1
Internal-D2D(task85)-from-0-to-1,MemFlushOut,8.89001,8.89008,7.12872e-05,0,roundrobin,Tesla V100-DGXS-32GB 1
task81,Kernel,8.66105,8.92335,0.262301,1048576,roundrobin,Tesla V100-DGXS-32GB 3
Internal-D2D(task95)-from-0-to-3,MemFlushOut,8.92337,8.92344,7.65324e-05,0,roundrobin,Tesla V100-DGXS-32GB 3
task79,Kernel,8.68176,9.13258,0.450823,1048576,roundrobin,Tesla V100-DGXS-32GB 2
Internal-D2D(task90)-from-0-to-2,MemFlushOut,9.13259,9.13265,5.98431e-05,0,roundrobin,Tesla V100-DGXS-32GB 2
task83,Kernel,8.73849,9.13727,0.398776,1048576,roundrobin,Tesla V100-DGXS-32GB 0
Internal-D2D(task92)-from-3-to-0,MemFlushOut,9.13728,9.13735,7.20024e-05,0,roundrobin,Tesla V100-DGXS-32GB 0
task95,Kernel,8.92345,9.38128,0.457831,1048576,roundrobin,Tesla V100-DGXS-32GB 3
Internal-D2D(task91)-from-1-to-3,MemFlushOut,9.3813,9.38137,7.1764e-05,0,roundrobin,Tesla V100-DGXS-32GB 3
task85,Kernel,8.89009,9.38865,0.498562,1048576,roundrobin,Tesla V100-DGXS-32GB 1
Internal-D2D(task129)-from-0-to-1,MemFlushOut,9.38867,9.38874,7.43866e-05,139642431020256,roundrobin,Tesla V100-DGXS-32GB 1
task90,Kernel,9.13266,9.41047,0.277806,1048576,roundrobin,Tesla V100-DGXS-32GB 2
Internal-D2D(task84)-from-1-to-2,MemFlushOut,9.41048,9.41054,6.34193e-05,0,roundrobin,Tesla V100-DGXS-32GB 2
task92,Kernel,9.13736,9.56828,0.430919,1048576,roundrobin,Tesla V100-DGXS-32GB 0
Internal-D2D(task87)-from-3-to-0,MemFlushOut,9.5683,9.56838,7.84397e-05,0,roundrobin,Tesla V100-DGXS-32GB 0
task91,Kernel,9.38138,9.6542,0.272814,1048576,roundrobin,Tesla V100-DGXS-32GB 3
Internal-D2D(task94)-from-2-to-3,MemFlushOut,9.65421,9.65428,6.36578e-05,0,roundrobin,Tesla V100-DGXS-32GB 3
task129,Kernel,9.38875,9.72294,0.334193,1048576,roundrobin,Tesla V100-DGXS-32GB 1
task84,Kernel,9.41055,9.86839,0.457842,1048576,roundrobin,Tesla V100-DGXS-32GB 2
Internal-D2D(task105)-from-1-to-2,MemFlushOut,9.86841,9.86848,6.46114e-05,0,roundrobin,Tesla V100-DGXS-32GB 2
task87,Kernel,9.56839,9.92262,0.354235,1048576,roundrobin,Tesla V100-DGXS-32GB 0
Internal-D2D(task98)-from-2-to-0,MemFlushOut,9.92263,9.92269,5.84126e-05,0,roundrobin,Tesla V100-DGXS-32GB 0
task100,Kernel,9.72296,9.98856,0.265599,1048576,roundrobin,Tesla V100-DGXS-32GB 1
Internal-D2D(task96)-from-2-to-1,MemFlushOut,9.98858,9.98866,7.55787e-05,0,roundrobin,Tesla V100-DGXS-32GB 1
task94,Kernel,9.65429,10.1256,0.471338,1048576,roundrobin,Tesla V100-DGXS-32GB 3
Internal-D2D(task93)-from-1-to-3,MemFlushOut,10.1256,10.1257,6.69956e-05,0,roundrobin,Tesla V100-DGXS-32GB 3
task105,Kernel,9.86848,10.2548,0.386366,1048576,roundrobin,Tesla V100-DGXS-32GB 2
Internal-D2D(task99)-from-1-to-2,MemFlushOut,10.2549,10.2549,6.22272e-05,0,roundrobin,Tesla V100-DGXS-32GB 2
task98,Kernel,9.9227,10.4841,0.56144,1048576,roundrobin,Tesla V100-DGXS-32GB 0
Internal-D2D(task103)-from-1-to-0,MemFlushOut,10.4842,10.4842,5.65052e-05,0,roundrobin,Tesla V100-DGXS-32GB 0
task96,Kernel,9.98867,10.4852,0.496515,1048576,roundrobin,Tesla V100-DGXS-32GB 1
Internal-D2D(task102)-from-3-to-1,MemFlushOut,10.4852,10.4853,7.98702e-05,0,roundrobin,Tesla V100-DGXS-32GB 1
task99,Kernel,10.2549,10.7488,0.493889,1048576,roundrobin,Tesla V100-DGXS-32GB 2
task93,Kernel,10.1257,10.755,0.629301,1048576,roundrobin,Tesla V100-DGXS-32GB 3
Internal-D2D(task101)-from-0-to-3,MemFlushOut,10.755,10.7551,7.9155e-05,0,roundrobin,Tesla V100-DGXS-32GB 3
task103,Kernel,10.4842,10.7626,0.278382,1048576,roundrobin,Tesla V100-DGXS-32GB 0
Internal-D2D(task110)-from-2-to-0,MemFlushOut,10.7626,10.7627,6.27041e-05,0,roundrobin,Tesla V100-DGXS-32GB 0
task102,Kernel,10.4853,10.9905,0.505202,1048576,roundrobin,Tesla V100-DGXS-32GB 1
Internal-D2D(task107)-from-0-to-1,MemFlushOut,10.9905,10.9906,6.46114e-05,0,roundrobin,Tesla V100-DGXS-32GB 1
task117,Kernel,10.7488,11.0076,0.258803,1048576,roundrobin,Tesla V100-DGXS-32GB 2
Internal-D2D(task114)-from-0-to-2,MemFlushOut,11.0077,11.0077,6.10352e-05,0,roundrobin,Tesla V100-DGXS-32GB 2
task101,Kernel,10.7551,11.0151,0.259969,1048576,roundrobin,Tesla V100-DGXS-32GB 3
Internal-D2D(task106)-from-0-to-3,MemFlushOut,11.0151,11.0152,6.34193e-05,0,roundrobin,Tesla V100-DGXS-32GB 3
task110,Kernel,10.7627,11.2815,0.518838,1048576,roundrobin,Tesla V100-DGXS-32GB 0
task107,Kernel,10.9906,11.4819,0.491289,1048576,roundrobin,Tesla V100-DGXS-32GB 1
task114,Kernel,11.0077,11.4858,0.478077,1048576,roundrobin,Tesla V100-DGXS-32GB 2
Internal-D2D(task111)-from-0-to-2,MemFlushOut,11.4858,11.4859,6.31809e-05,0,roundrobin,Tesla V100-DGXS-32GB 2
task106,Kernel,11.0152,11.4912,0.475971,1048576,roundrobin,Tesla V100-DGXS-32GB 3
Internal-D2D(task118)-from-1-to-3,MemFlushOut,11.4912,11.4912,6.19888e-05,0,roundrobin,Tesla V100-DGXS-32GB 3
task104,Kernel,11.2815,11.5573,0.275724,1048576,roundrobin,Tesla V100-DGXS-32GB 0
Internal-D2D(task128)-from-2-to-0,MemFlushOut,11.5573,11.5573,6.84261e-05,139642431020256,roundrobin,Tesla V100-DGXS-32GB 0
task111,Kernel,11.4859,11.7105,0.224632,1048576,roundrobin,Tesla V100-DGXS-32GB 2
Internal-D2D(task112)-from-1-to-2,MemFlushOut,11.7105,11.7106,6.46114e-05,0,roundrobin,Tesla V100-DGXS-32GB 2
task108,Kernel,11.4819,11.7458,0.263871,1048576,roundrobin,Tesla V100-DGXS-32GB 1
Internal-D2D(task109)-from-0-to-1,MemFlushOut,11.7458,11.7458,6.93798e-05,0,roundrobin,Tesla V100-DGXS-32GB 1
task118,Kernel,11.4912,11.9481,0.456821,1048576,roundrobin,Tesla V100-DGXS-32GB 3
Internal-D2D(task113)-from-2-to-3,MemFlushOut,11.9481,11.9481,5.79357e-05,0,roundrobin,Tesla V100-DGXS-32GB 3
task112,Kernel,11.7106,11.9768,0.266175,1048576,roundrobin,Tesla V100-DGXS-32GB 2
Internal-D2D(task119)-from-0-to-2,MemFlushOut,11.9768,11.9768,6.12736e-05,0,roundrobin,Tesla V100-DGXS-32GB 2
task128,Kernel,11.5574,11.9837,0.426322,1048576,roundrobin,Tesla V100-DGXS-32GB 0
task113,Kernel,11.9481,12.2188,0.270711,1048576,roundrobin,Tesla V100-DGXS-32GB 3
Internal-D2D(task121)-from-2-to-3,MemFlushOut,12.2189,12.219,5.62668e-05,0,roundrobin,Tesla V100-DGXS-32GB 3
task109,Kernel,11.7459,12.2346,0.488782,1048576,roundrobin,Tesla V100-DGXS-32GB 1
Internal-D2D(task115)-from-0-to-1,MemFlushOut,12.2347,12.2347,5.76973e-05,0,roundrobin,Tesla V100-DGXS-32GB 1
task119,Kernel,11.9769,12.2384,0.261521,1048576,roundrobin,Tesla V100-DGXS-32GB 2
Internal-D2D(task122)-from-0-to-2,MemFlushOut,12.2384,12.2385,6.22272e-05,0,roundrobin,Tesla V100-DGXS-32GB 2
task116,Kernel,11.9837,12.2544,0.27066,1048576,roundrobin,Tesla V100-DGXS-32GB 0
task121,Kernel,12.219,12.4744,0.255461,1048576,roundrobin,Tesla V100-DGXS-32GB 3
task115,Kernel,12.2347,12.4957,0.260949,1048576,roundrobin,Tesla V100-DGXS-32GB 1
Internal-D2D(task132)-from-3-to-1,MemFlushOut,12.4957,12.4958,6.84261e-05,0,roundrobin,Tesla V100-DGXS-32GB 1
task122,Kernel,12.2385,12.496,0.257586,1048576,roundrobin,Tesla V100-DGXS-32GB 2
Internal-D2D(task133)-from-0-to-2,MemFlushOut,12.4961,12.4961,6.24657e-05,0,roundrobin,Tesla V100-DGXS-32GB 2
task125,Kernel,12.2544,12.5263,0.271917,1048576,roundrobin,Tesla V100-DGXS-32GB 0
Internal-D2D(task123)-from-2-to-0,MemFlushOut,12.5263,12.5264,6.69956e-05,0,roundrobin,Tesla V100-DGXS-32GB 0
task126,Kernel,12.4744,12.7435,0.269097,1048576,roundrobin,Tesla V100-DGXS-32GB 3
Internal-D2D(task124)-from-2-to-3,MemFlushOut,12.7436,12.7436,7.31945e-05,0,roundrobin,Tesla V100-DGXS-32GB 3
task133,Kernel,12.4961,12.7599,0.26376,1048576,roundrobin,Tesla V100-DGXS-32GB 2
Internal-D2D(task130)-from-3-to-2,MemFlushOut,12.7599,12.76,7.10487e-05,0,roundrobin,Tesla V100-DGXS-32GB 2
task123,Kernel,12.5264,12.9617,0.435375,1048576,roundrobin,Tesla V100-DGXS-32GB 0
Internal-D2D(task127)-from-2-to-0,MemFlushOut,12.9618,12.9618,6.10352e-05,0,roundrobin,Tesla V100-DGXS-32GB 0
task132,Kernel,12.4958,12.9759,0.480088,1048576,roundrobin,Tesla V100-DGXS-32GB 1
Internal-D2D(task137)-from-2-to-1,MemFlushOut,12.9759,12.9759,6.55651e-05,0,roundrobin,Tesla V100-DGXS-32GB 1
task124,Kernel,12.7436,13.0287,0.285084,1048576,roundrobin,Tesla V100-DGXS-32GB 3
task130,Kernel,12.76,13.2774,0.517387,1048576,roundrobin,Tesla V100-DGXS-32GB 2
Internal-D2D(task142)-from-1-to-2,MemFlushOut,13.2774,13.2775,9.72748e-05,0,roundrobin,Tesla V100-DGXS-32GB 2
task138,Kernel,13.0287,13.2907,0.26197,1048576,roundrobin,Tesla V100-DGXS-32GB 3
Internal-D2D(task141)-from-2-to-3,MemFlushOut,13.2907,13.2908,6.29425e-05,0,roundrobin,Tesla V100-DGXS-32GB 3
task137,Kernel,12.9759,13.5387,0.562751,1048576,roundrobin,Tesla V100-DGXS-32GB 1
Internal-D2D(task135)-from-0-to-1,MemFlushOut,13.5387,13.5388,8.51154e-05,0,roundrobin,Tesla V100-DGXS-32GB 1
task127,Kernel,12.9618,13.5433,0.581486,1048576,roundrobin,Tesla V100-DGXS-32GB 0
task142,Kernel,13.2775,13.7746,0.497087,1048576,roundrobin,Tesla V100-DGXS-32GB 2
Internal-D2D(task136)-from-0-to-2,MemFlushOut,13.7746,13.7747,6.98566e-05,0,roundrobin,Tesla V100-DGXS-32GB 2
task135,Kernel,13.5388,13.7994,0.260571,1048576,roundrobin,Tesla V100-DGXS-32GB 1
task143,Kernel,13.5433,13.8088,0.265499,1048576,roundrobin,Tesla V100-DGXS-32GB 0
Internal-D2D(task140)-from-1-to-0,MemFlushOut,13.8088,13.8089,7.03335e-05,0,roundrobin,Tesla V100-DGXS-32GB 0
task141,Kernel,13.2908,13.9649,0.674104,1048576,roundrobin,Tesla V100-DGXS-32GB 3
Internal-D2D(task149)-from-2-to-3,MemFlushOut,13.9649,13.965,6.84261e-05,0,roundrobin,Tesla V100-DGXS-32GB 3
task136,Kernel,13.7747,14.0074,0.232679,1048576,roundrobin,Tesla V100-DGXS-32GB 2
Internal-D2D(task144)-from-1-to-2,MemFlushOut,14.0074,14.0075,6.19888e-05,0,roundrobin,Tesla V100-DGXS-32GB 2
task131,Kernel,13.7994,14.0706,0.271196,1048576,roundrobin,Tesla V100-DGXS-32GB 1
Internal-D2D(task134)-from-2-to-1,MemFlushOut,14.0706,14.0707,6.93798e-05,0,roundrobin,Tesla V100-DGXS-32GB 1
task149,Kernel,13.965,14.1964,0.231418,1048576,roundrobin,Tesla V100-DGXS-32GB 3
task144,Kernel,14.0075,14.3314,0.323953,1048576,roundrobin,Tesla V100-DGXS-32GB 2
Internal-D2D(task147)-from-3-to-2,MemFlushOut,14.3315,14.3316,6.58035e-05,0,roundrobin,Tesla V100-DGXS-32GB 2
task140,Kernel,13.8089,14.3431,0.53422,1048576,roundrobin,Tesla V100-DGXS-32GB 0
task139,Kernel,14.1964,14.4534,0.256958,1048576,roundrobin,Tesla V100-DGXS-32GB 3
Internal-D2D(task150)-from-2-to-3,MemFlushOut,14.4534,14.4535,6.74725e-05,0,roundrobin,Tesla V100-DGXS-32GB 3
task134,Kernel,14.0707,14.4753,0.404651,1048576,roundrobin,Tesla V100-DGXS-32GB 1
Internal-D2D(task156)-from-2-to-1,MemFlushOut,14.4754,14.4754,6.67572e-05,0,roundrobin,Tesla V100-DGXS-32GB 1
task146,Kernel,14.3432,14.6107,0.267495,1048576,roundrobin,Tesla V100-DGXS-32GB 0
Internal-D2D(task158)-from-2-to-0,MemFlushOut,14.6107,14.6107,6.58035e-05,0,roundrobin,Tesla V100-DGXS-32GB 0
task147,Kernel,14.3316,14.7189,0.387295,1048576,roundrobin,Tesla V100-DGXS-32GB 2
Internal-D2D(task145)-from-3-to-2,MemFlushOut,14.7189,14.719,7.31945e-05,0,roundrobin,Tesla V100-DGXS-32GB 2
task150,Kernel,14.4535,14.9644,0.510886,1048576,roundrobin,Tesla V100-DGXS-32GB 3
Internal-D2D(task148)-from-1-to-3,MemFlushOut,14.9644,14.9645,7.34329e-05,0,roundrobin,Tesla V100-DGXS-32GB 3
task156,Kernel,14.4754,14.9677,0.492213,1048576,roundrobin,Tesla V100-DGXS-32GB 1
Internal-D2D(task160)-from-2-to-1,MemFlushOut,14.9677,14.9678,7.53403e-05,0,roundrobin,Tesla V100-DGXS-32GB 1
task158,Kernel,14.6107,14.9828,0.372059,1048576,roundrobin,Tesla V100-DGXS-32GB 0
task145,Kernel,14.719,15.1483,0.4293,1048576,roundrobin,Tesla V100-DGXS-32GB 2
Internal-D2D(task166)-from-0-to-2,MemFlushOut,15.1483,15.1483,6.36578e-05,0,roundrobin,Tesla V100-DGXS-32GB 2
task148,Kernel,14.9645,15.2345,0.270002,1048576,roundrobin,Tesla V100-DGXS-32GB 3
Internal-D2D(task151)-from-1-to-3,MemFlushOut,15.2345,15.2345,5.79357e-05,0,roundrobin,Tesla V100-DGXS-32GB 3
task153,Kernel,14.9828,15.2429,0.260041,1048576,roundrobin,Tesla V100-DGXS-32GB 0
task160,Kernel,14.9678,15.3769,0.409108,1048576,roundrobin,Tesla V100-DGXS-32GB 1
task166,Kernel,15.1483,15.4369,0.288574,1048576,roundrobin,Tesla V100-DGXS-32GB 2
Internal-D2D(task164)-from-1-to-2,MemFlushOut,15.4369,15.437,6.22272e-05,0,roundrobin,Tesla V100-DGXS-32GB 2
task155,Kernel,15.2429,15.5096,0.266693,1048576,roundrobin,Tesla V100-DGXS-32GB 0
Internal-D2D(task154)-from-3-to-0,MemFlushOut,15.5096,15.5096,6.60419e-05,0,roundrobin,Tesla V100-DGXS-32GB 0
task151,Kernel,15.2346,15.5478,0.313212,1048576,roundrobin,Tesla V100-DGXS-32GB 3
task152,Kernel,15.3769,15.6424,0.265543,1048576,roundrobin,Tesla V100-DGXS-32GB 1
Internal-D2D(task159)-from-3-to-1,MemFlushOut,15.6425,15.6425,6.98566e-05,0,roundrobin,Tesla V100-DGXS-32GB 1
task154,Kernel,15.5097,15.7346,0.224923,1048576,roundrobin,Tesla V100-DGXS-32GB 0
Internal-D2D(task167)-from-1-to-0,MemFlushOut,15.7346,15.7347,6.67572e-05,0,roundrobin,Tesla V100-DGXS-32GB 0
task162,Kernel,15.5478,15.8068,0.259057,1048576,roundrobin,Tesla V100-DGXS-32GB 3
Internal-D2D(task161)-from-0-to-3,MemFlushOut,15.8069,15.8069,7.96318e-05,0,roundrobin,Tesla V100-DGXS-32GB 3
task164,Kernel,15.437,15.9071,0.470083,1048576,roundrobin,Tesla V100-DGXS-32GB 2
Internal-D2D(task172)-from-0-to-2,MemFlushOut,15.9071,15.9072,7.4625e-05,0,roundrobin,Tesla V100-DGXS-32GB 2
task159,Kernel,15.6425,16.0651,0.422579,1048576,roundrobin,Tesla V100-DGXS-32GB 1
Internal-D2D(task165)-from-3-to-1,MemFlushOut,16.0651,16.0652,8.86917e-05,0,roundrobin,Tesla V100-DGXS-32GB 1
task167,Kernel,15.7347,16.2975,0.562847,1048576,roundrobin,Tesla V100-DGXS-32GB 0
Internal-D2D(task171)-from-1-to-0,MemFlushOut,16.2975,16.2976,7.77245e-05,0,roundrobin,Tesla V100-DGXS-32GB 0
task172,Kernel,15.9072,16.5653,0.658146,1048576,roundrobin,Tesla V100-DGXS-32GB 2
Internal-D2D(task180)-from-0-to-2,MemFlushOut,16.5654,16.5654,7.34329e-05,0,roundrobin,Tesla V100-DGXS-32GB 2
task161,Kernel,15.807,16.5665,0.759525,1048576,roundrobin,Tesla V100-DGXS-32GB 3
Internal-D2D(task168)-from-0-to-3,MemFlushOut,16.5665,16.5666,8.32081e-05,0,roundrobin,Tesla V100-DGXS-32GB 3
task165,Kernel,16.0652,16.8172,0.751928,1048576,roundrobin,Tesla V100-DGXS-32GB 1
Internal-D2D(task157)-from-2-to-1,MemFlushOut,16.8172,16.8173,8.34465e-05,0,roundrobin,Tesla V100-DGXS-32GB 1
task171,Kernel,16.2976,17.0516,0.753925,1048576,roundrobin,Tesla V100-DGXS-32GB 0
Internal-D2D(task170)-from-3-to-0,MemFlushOut,17.0516,17.0517,7.67708e-05,0,roundrobin,Tesla V100-DGXS-32GB 0
task180,Kernel,16.5654,17.3222,0.756785,1048576,roundrobin,Tesla V100-DGXS-32GB 2
task168,Kernel,16.5666,17.3231,0.75646,1048576,roundrobin,Tesla V100-DGXS-32GB 3
Internal-D2D(task181)-from-2-to-3,MemFlushOut,17.3231,17.3232,9.10759e-05,0,roundrobin,Tesla V100-DGXS-32GB 3
task157,Kernel,16.8173,17.554,0.736671,1048576,roundrobin,Tesla V100-DGXS-32GB 1
Internal-D2D(task169)-from-3-to-1,MemFlushOut,17.554,17.5541,9.29832e-05,0,roundrobin,Tesla V100-DGXS-32GB 1
task170,Kernel,17.0517,17.5678,0.516151,1048576,roundrobin,Tesla V100-DGXS-32GB 0
task174,Kernel,17.3223,17.5862,0.263959,1048576,roundrobin,Tesla V100-DGXS-32GB 2
Internal-D2D(task163)-from-0-to-2,MemFlushOut,17.5862,17.5863,8.72612e-05,0,roundrobin,Tesla V100-DGXS-32GB 2
task181,Kernel,17.3232,17.7179,0.394732,1048576,roundrobin,Tesla V100-DGXS-32GB 3
task192,Kernel,17.5678,17.8356,0.267723,1048576,roundrobin,Tesla V100-DGXS-32GB 0
task169,Kernel,17.5541,17.9861,0.432016,1048576,roundrobin,Tesla V100-DGXS-32GB 1
Internal-D2D(task185)-from-2-to-1,MemFlushOut,17.9861,17.9862,7.86781e-05,0,roundrobin,Tesla V100-DGXS-32GB 1
Internal-D2D(task176)-from-1-to-3,MemFlushOut,17.9862,17.9863,0.000137806,0,roundrobin,Tesla V100-DGXS-32GB 3
Internal-D2D(task191)-from-1-to-0,MemFlushOut,17.9862,17.9864,0.000198603,0,roundrobin,Tesla V100-DGXS-32GB 0
task163,Kernel,17.5863,18.0834,0.497072,1048576,roundrobin,Tesla V100-DGXS-32GB 2
task176,Kernel,17.9864,18.2545,0.268138,1048576,roundrobin,Tesla V100-DGXS-32GB 3
Internal-D2D(task179)-from-2-to-3,MemFlushOut,18.2545,18.2546,6.50883e-05,0,roundrobin,Tesla V100-DGXS-32GB 3
task185,Kernel,17.9862,18.2587,0.272502,1048576,roundrobin,Tesla V100-DGXS-32GB 1
Internal-D2D(task178)-from-2-to-1,MemFlushOut,18.2587,18.2588,7.55787e-05,0,roundrobin,Tesla V100-DGXS-32GB 1
task177,Kernel,18.0835,18.3506,0.267068,1048576,roundrobin,Tesla V100-DGXS-32GB 2
Internal-D2D(task186)-from-3-to-2,MemFlushOut,18.3507,18.3508,7.58171e-05,0,roundrobin,Tesla V100-DGXS-32GB 2
task191,Kernel,17.9864,18.4035,0.417016,1048576,roundrobin,Tesla V100-DGXS-32GB 0
Internal-D2D(task182)-from-1-to-0,MemFlushOut,18.4035,18.4035,7.20024e-05,0,roundrobin,Tesla V100-DGXS-32GB 0
task179,Kernel,18.2546,18.6068,0.352198,1048576,roundrobin,Tesla V100-DGXS-32GB 3
task178,Kernel,18.2588,18.6115,0.352704,1048576,roundrobin,Tesla V100-DGXS-32GB 1
Internal-D2D(task173)-from-2-to-1,MemFlushOut,18.6116,18.6116,7.96318e-05,0,roundrobin,Tesla V100-DGXS-32GB 1
task182,Kernel,18.4036,18.8099,0.406367,1048576,roundrobin,Tesla V100-DGXS-32GB 0
Internal-D2D(task189)-from-1-to-0,MemFlushOut,18.8099,18.81,7.55787e-05,0,roundrobin,Tesla V100-DGXS-32GB 0
task186,Kernel,18.3508,18.8173,0.46645,1048576,roundrobin,Tesla V100-DGXS-32GB 2
task208,Kernel,18.6068,18.8796,0.27276,1048576,roundrobin,Tesla V100-DGXS-32GB 3
task173,Kernel,18.6116,19.0114,0.399711,1048576,roundrobin,Tesla V100-DGXS-32GB 1
Internal-D2D(task175)-from-0-to-2,MemFlushOut,19.0115,19.0115,7.27177e-05,0,roundrobin,Tesla V100-DGXS-32GB 2
task189,Kernel,18.81,19.2084,0.398326,1048576,roundrobin,Tesla V100-DGXS-32GB 0
task183,Kernel,19.0114,19.2778,0.266474,1048576,roundrobin,Tesla V100-DGXS-32GB 1
Internal-D2D(task188)-from-3-to-1,MemFlushOut,19.2779,19.2779,7.55787e-05,0,roundrobin,Tesla V100-DGXS-32GB 1
Internal-D2D(task190)-from-0-to-3,MemFlushOut,19.278,19.2781,0.000128031,0,roundrobin,Tesla V100-DGXS-32GB 3
task175,Kernel,19.0115,19.4149,0.403376,1048576,roundrobin,Tesla V100-DGXS-32GB 2
Internal-D2D(task184)-from-3-to-0,MemFlushOut,19.415,19.4151,6.98566e-05,0,roundrobin,Tesla V100-DGXS-32GB 0
task190,Kernel,19.2781,19.5256,0.247482,1048576,roundrobin,Tesla V100-DGXS-32GB 3
task188,Kernel,19.278,19.5509,0.272928,1048576,roundrobin,Tesla V100-DGXS-32GB 1
Internal-D2D(task195)-from-0-to-2,MemFlushOut,19.5509,19.551,6.38962e-05,0,roundrobin,Tesla V100-DGXS-32GB 2
Internal-D2D(task209)-from-0-to-3,MemFlushOut,19.551,19.5511,9.63211e-05,0,roundrobin,Tesla V100-DGXS-32GB 3
task184,Kernel,19.4151,19.7576,0.342503,1048576,roundrobin,Tesla V100-DGXS-32GB 0
Internal-D2D(task187)-from-1-to-0,MemFlushOut,19.7576,19.7577,7.31945e-05,0,roundrobin,Tesla V100-DGXS-32GB 0
task193,Kernel,19.5509,19.8114,0.260486,1048576,roundrobin,Tesla V100-DGXS-32GB 1
Internal-D2D(task194)-from-0-to-1,MemFlushOut,19.8114,19.8115,7.53403e-05,0,roundrobin,Tesla V100-DGXS-32GB 1
task187,Kernel,19.7577,19.9903,0.23257,1048576,roundrobin,Tesla V100-DGXS-32GB 0
Internal-D2D(task201)-from-1-to-0,MemFlushOut,19.9903,19.9904,7.03335e-05,0,roundrobin,Tesla V100-DGXS-32GB 0
task209,Kernel,19.5511,20.0283,0.477234,1048576,roundrobin,Tesla V100-DGXS-32GB 3
task195,Kernel,19.551,20.0291,0.478074,1048576,roundrobin,Tesla V100-DGXS-32GB 2
Internal-D2D(task197)-from-0-to-2,MemFlushOut,20.0291,20.0292,7.22408e-05,0,roundrobin,Tesla V100-DGXS-32GB 2
task194,Kernel,19.8115,20.1638,0.352363,1048576,roundrobin,Tesla V100-DGXS-32GB 1
Internal-D2D(task196)-from-2-to-1,MemFlushOut,20.1639,20.164,8.4877e-05,0,roundrobin,Tesla V100-DGXS-32GB 1
task198,Kernel,20.0283,20.2922,0.263867,1048576,roundrobin,Tesla V100-DGXS-32GB 3
task201,Kernel,19.9904,20.3487,0.358323,1048576,roundrobin,Tesla V100-DGXS-32GB 0
Internal-D2D(task217)-from-2-to-3,MemFlushOut,20.3488,20.3489,0.000124216,0,roundrobin,Tesla V100-DGXS-32GB 3
task197,Kernel,20.0292,20.5701,0.540956,1048576,roundrobin,Tesla V100-DGXS-32GB 2
Internal-D2D(task199)-from-0-to-2,MemFlushOut,20.5702,20.5703,8.24928e-05,0,roundrobin,Tesla V100-DGXS-32GB 2
Internal-D2D(task200)-from-1-to-0,MemFlushOut,20.5703,20.5704,0.000123024,0,roundrobin,Tesla V100-DGXS-32GB 0
task199,Kernel,20.5703,20.8369,0.266616,1048576,roundrobin,Tesla V100-DGXS-32GB 2
task196,Kernel,20.164,20.8377,0.673744,1048576,roundrobin,Tesla V100-DGXS-32GB 1
task217,Kernel,20.3489,20.8423,0.493432,1048576,roundrobin,Tesla V100-DGXS-32GB 3
Internal-D2D(task210)-from-2-to-3,MemFlushOut,20.8424,20.8424,6.60419e-05,0,roundrobin,Tesla V100-DGXS-32GB 3
task200,Kernel,20.5704,21.0601,0.489696,1048576,roundrobin,Tesla V100-DGXS-32GB 0
Internal-D2D(task211)-from-3-to-0,MemFlushOut,21.0601,21.0602,6.62804e-05,0,roundrobin,Tesla V100-DGXS-32GB 0
task206,Kernel,20.8369,21.0921,0.255193,1048576,roundrobin,Tesla V100-DGXS-32GB 2
Internal-D2D(task204)-from-0-to-2,MemFlushOut,21.0921,21.0922,6.29425e-05,0,roundrobin,Tesla V100-DGXS-32GB 2
task203,Kernel,20.8377,21.1017,0.263978,1048576,roundrobin,Tesla V100-DGXS-32GB 1
Internal-D2D(task202)-from-3-to-1,MemFlushOut,21.1017,21.1018,7.7486e-05,0,roundrobin,Tesla V100-DGXS-32GB 1
task210,Kernel,20.8424,21.3612,0.518811,1048576,roundrobin,Tesla V100-DGXS-32GB 3
Internal-D2D(task207)-from-2-to-3,MemFlushOut,21.3613,21.3613,6.58035e-05,0,roundrobin,Tesla V100-DGXS-32GB 3
task211,Kernel,21.0602,21.6232,0.562971,1048576,roundrobin,Tesla V100-DGXS-32GB 0
task202,Kernel,21.1018,21.6248,0.523015,1048576,roundrobin,Tesla V100-DGXS-32GB 1
Internal-D2D(task222)-from-0-to-1,MemFlushOut,21.6248,21.6249,6.79493e-05,0,roundrobin,Tesla V100-DGXS-32GB 1
task204,Kernel,21.0922,21.7673,0.675094,1048576,roundrobin,Tesla V100-DGXS-32GB 2
Internal-D2D(task214)-from-1-to-2,MemFlushOut,21.7673,21.7674,7.51019e-05,0,roundrobin,Tesla V100-DGXS-32GB 2
task225,Kernel,21.6232,21.8911,0.267848,1048576,roundrobin,Tesla V100-DGXS-32GB 0
Internal-D2D(task219)-from-1-to-0,MemFlushOut,21.8911,21.8911,7.36713e-05,0,roundrobin,Tesla V100-DGXS-32GB 0
task207,Kernel,21.3613,21.9743,0.61299,1048576,roundrobin,Tesla V100-DGXS-32GB 3
Internal-D2D(task216)-from-0-to-3,MemFlushOut,21.9743,21.9744,6.36578e-05,0,roundrobin,Tesla V100-DGXS-32GB 3
task222,Kernel,21.6249,22.158,0.533076,1048576,roundrobin,Tesla V100-DGXS-32GB 1
task214,Kernel,21.7674,22.3649,0.597566,1048576,roundrobin,Tesla V100-DGXS-32GB 2
Internal-D2D(task205)-from-1-to-2,MemFlushOut,22.365,22.365,6.27041e-05,0,roundrobin,Tesla V100-DGXS-32GB 2
task219,Kernel,21.8912,22.3732,0.482057,1048576,roundrobin,Tesla V100-DGXS-32GB 0
Internal-D2D(task215)-from-3-to-0,MemFlushOut,22.3732,22.3733,7.22408e-05,0,roundrobin,Tesla V100-DGXS-32GB 0
task234,Kernel,22.158,22.4267,0.268689,1048576,roundrobin,Tesla V100-DGXS-32GB 1
Internal-D2D(task229)-from-0-to-1,MemFlushOut,22.4267,22.4268,7.03335e-05,0,roundrobin,Tesla V100-DGXS-32GB 1
task216,Kernel,21.9744,22.5988,0.62441,1048576,roundrobin,Tesla V100-DGXS-32GB 3
task205,Kernel,22.365,22.6515,0.286496,1048576,roundrobin,Tesla V100-DGXS-32GB 2
Internal-D2D(task235)-from-0-to-2,MemFlushOut,22.6515,22.6516,6.58035e-05,0,roundrobin,Tesla V100-DGXS-32GB 2
task212,Kernel,22.5988,22.8659,0.267041,1048576,roundrobin,Tesla V100-DGXS-32GB 3
task215,Kernel,22.3733,22.8734,0.500105,1048576,roundrobin,Tesla V100-DGXS-32GB 0
task229,Kernel,22.4268,23.1045,0.677653,1048576,roundrobin,Tesla V100-DGXS-32GB 1
task235,Kernel,22.6516,23.1082,0.456598,1048576,roundrobin,Tesla V100-DGXS-32GB 2
Internal-D2D(task226)-from-0-to-2,MemFlushOut,23.1082,23.1083,6.00815e-05,0,roundrobin,Tesla V100-DGXS-32GB 2
task220,Kernel,22.8659,23.1282,0.262305,1048576,roundrobin,Tesla V100-DGXS-32GB 3
Internal-D2D(task213)-from-0-to-3,MemFlushOut,23.1282,23.1283,6.1512e-05,0,roundrobin,Tesla V100-DGXS-32GB 3
task218,Kernel,22.8734,23.1286,0.255173,1048576,roundrobin,Tesla V100-DGXS-32GB 0
Internal-D2D(task224)-from-3-to-0,MemFlushOut,23.1286,23.1287,6.46114e-05,0,roundrobin,Tesla V100-DGXS-32GB 0
task228,Kernel,23.1045,23.3729,0.268395,1048576,roundrobin,Tesla V100-DGXS-32GB 1
Internal-D2D(task221)-from-0-to-1,MemFlushOut,23.3729,23.3729,6.03199e-05,0,roundrobin,Tesla V100-DGXS-32GB 1
task226,Kernel,23.1083,23.3839,0.275636,1048576,roundrobin,Tesla V100-DGXS-32GB 2
task213,Kernel,23.1283,23.3937,0.265446,1048576,roundrobin,Tesla V100-DGXS-32GB 3
Internal-D2D(task231)-from-2-to-3,MemFlushOut,23.3937,23.3938,7.24792e-05,0,roundrobin,Tesla V100-DGXS-32GB 3
task224,Kernel,23.1287,23.5934,0.464707,1048576,roundrobin,Tesla V100-DGXS-32GB 0
Internal-D2D(task230)-from-2-to-0,MemFlushOut,23.5934,23.5935,7.58171e-05,0,roundrobin,Tesla V100-DGXS-32GB 0
task223,Kernel,23.3839,23.6493,0.265399,1048576,roundrobin,Tesla V100-DGXS-32GB 2
Internal-D2D(task233)-from-3-to-2,MemFlushOut,23.6494,23.6495,6.65188e-05,0,roundrobin,Tesla V100-DGXS-32GB 2
task221,Kernel,23.373,23.8399,0.46695,1048576,roundrobin,Tesla V100-DGXS-32GB 1
Internal-D2D(task232)-from-0-to-1,MemFlushOut,23.8399,23.84,5.79357e-05,0,roundrobin,Tesla V100-DGXS-32GB 1
task230,Kernel,23.5935,23.854,0.260518,1048576,roundrobin,Tesla V100-DGXS-32GB 0
task231,Kernel,23.3938,23.9045,0.510695,1048576,roundrobin,Tesla V100-DGXS-32GB 3
Internal-D2D(task237)-from-3-to-0,MemFlushOut,23.9046,23.9047,6.38962e-05,0,roundrobin,Tesla V100-DGXS-32GB 0
task233,Kernel,23.6495,24.0501,0.400605,1048576,roundrobin,Tesla V100-DGXS-32GB 2
Internal-D2D(task240)-from-3-to-2,MemFlushOut,24.0502,24.0502,6.67572e-05,0,roundrobin,Tesla V100-DGXS-32GB 2
task232,Kernel,23.84,24.098,0.258024,1048576,roundrobin,Tesla V100-DGXS-32GB 1
Internal-D2D(task236)-from-0-to-1,MemFlushOut,24.098,24.0981,5.57899e-05,0,roundrobin,Tesla V100-DGXS-32GB 1
task227,Kernel,23.9045,24.1774,0.272842,1048576,roundrobin,Tesla V100-DGXS-32GB 3
Internal-D2D(task238)-from-2-to-3,MemFlushOut,24.1774,24.1775,5.81741e-05,0,roundrobin,Tesla V100-DGXS-32GB 3
task240,Kernel,24.0503,24.4417,0.391399,1048576,roundrobin,Tesla V100-DGXS-32GB 2
task237,Kernel,23.9047,24.4486,0.543944,1048576,roundrobin,Tesla V100-DGXS-32GB 0
Internal-D2D(task239)-from-1-to-0,MemFlushOut,24.4486,24.4487,6.60419e-05,0,roundrobin,Tesla V100-DGXS-32GB 0
task238,Kernel,24.1775,24.6699,0.492429,1048576,roundrobin,Tesla V100-DGXS-32GB 3
task236,Kernel,24.0981,24.6887,0.590594,1048576,roundrobin,Tesla V100-DGXS-32GB 1
task239,Kernel,24.4487,24.9599,0.5112,1048576,roundrobin,Tesla V100-DGXS-32GB 0
Internal-D2H(final_d2h)-from-2,MemFlushOut,24.96,24.9608,0.00081706,0,data,Tesla V100-DGXS-32GB 2
Internal-D2H(final_d2h)-from-3,MemFlushOut,24.9609,24.9617,0.000812292,0,data,Tesla V100-DGXS-32GB 3
Internal-D2H(final_d2h)-from-0,MemFlushOut,24.9617,24.9625,0.000801802,0,data,Tesla V100-DGXS-32GB 0
Internal-D2H(final_d2h)-from-1,MemFlushOut,24.9625,24.9633,0.000795603,0,data,Tesla V100-DGXS-32GB 1
Internal-D2H(final_d2h)-from-0,MemFlushOut,24.9633,24.9641,0.000816822,0,data,Tesla V100-DGXS-32GB 0
Internal-D2H(final_d2h)-from-1,MemFlushOut,24.9641,24.965,0.000853539,0,data,Tesla V100-DGXS-32GB 1
